Nombre;Dirección;Operador;Número de conectores;Tipo de conector;DMS (grados y minutos decimales) (N, W);DD (Grados decimales) (N, W)
Aldeamayor - ES Valcarce – El Brizo;A-601, Km 13,7 - 47162 - Aldeamayor de San Martín (VALLADOLID);IBERDROLA CLIENTES, SAU;2;CCS Combo (DC),CHAdeMO (DC),Mennekes (Type 2);"41º32'29.5"" N 4º39'31.4"" W";41.541513,-4.658719
SARRACÍN 2- Dir Madrid;A1 km 228  - Sarracín (BURGOS);EasyCharger;6;Mennekes (Type 2),CHAdeMO (DC),CCS Combo (DC);"42°14'45.0"" N 3°42'10.4"" W";42.244933,-3.7064
Puebla de Sanabria/ COBREROS;A52 SALIDA 79/ 85-Carr. Nacional 525,km 84.  - Cobreros (ZAMORA);EasyCharger;5;CHAdeMO (DC),CCS Combo (DC),Mennekes (Type 2);"42°03'40.1"" N 6°38'33.6"" W";42.061141,-6.642669
TORQUEMADA;A62 Salida 68 - Torquemada (PALENCIA);EasyCharger;6;CHAdeMO (DC),CCS Combo (DC),Mennekes (Type 2);"42°02'10.2"" N 4°16'50.2"" W";42.036158,-4.280604
A62 - Tordesillas;A62 Salida 142  - Tordesillas (VALLADOLID);EasyCharger;1;Mennekes (Type 2),CHAdeMO (DC),CCS Combo (DC),Mennekes (Type 2);"41°32'31.9"" N 4°53'50.1"" W";41.542203,-4.897237
ADV. MADRID;ADV. MADRID, N1 - El Tiemblo (ÁVILA);;2;Mennekes (Type 2);"40º24'37.3"" N 4º29'45.7"" W";40.41034631,-4.49602501
0174 - Ayuntamiento de Almazán;Aparcamiento piscina climatizada (paralelo a Paseo de la Arboleda, 3), 42200 - Almazán (Soria);FENÍE ENERGÍA, SA;2;Schuko,Mennekes (Type 2 sin cable);"41°29'21.6"" N 2°32'20.1"" W";41.489334,-2.538919
Area Tudanca;Autovía A-1, km 153 - Aranda de Duero (BURGOS);EasyCharger;11;CHAdeMO (DC),CCS Combo (DC),Mennekes (Type 2);"41°37'24.5"" N 3°41'15.1"" W";41.623461,-3.687533
Estepar – ES Valcarce;Autovía A-62 Burgos-Palencia, salida 21 09230 - Estepar (BURGOS);IBERDROLA CLIENTES, SAU;2;CCS Combo (DC),CHAdeMO (DC),Mennekes (Type 2);"42º16'31.6"" N 3º53'48.9"" W";42.275446,-3.896919
SARRACÍN 1-Dir. Burgos;Autovia A1 km 227 - Sarracín (BURGOS);EasyCharger;6;CCS Combo (DC),CHAdeMO (DC),Mennekes (Type 2);"42°14'45.0"" N 3°42'10.4"" W";42.245823,-3.702886
PRVE Mirasierra;Autovía A1, Salida 99. Santo Tomé del Puerto, 40590 - Santo Tomé del Puerto (Segovia);Wenea;1;CCS Combo (DC),CHAdeMO (DC),Mennekes (Type 2);"41°11'17.6"" N 3°34'60.0"" W";41.188229,-3.583324
Galp Arévalo;Autovia A6 km 124 - Arévalo (ÁVILA);EasyCharger;6;CCS Combo (DC),CHAdeMO (DC),Mennekes (Type 2);"41°03'10.9"" N 4°41'56.1"" W";41.053032,-4.698921
VILLALPANDO-Complejo El Raso;Autovia A6, Km 231 - Villalpando  (ZAMORA);EasyCharger;8;Mennekes (Type 2),CHAdeMO (DC),CCS Combo (DC);"41°49'34.0"" N 5°22'44.0"" W";41.826118,-5.378892
PRVE Palacios de Goda;Autovía del Noroeste, Km. 135, 05215  - Palacios de Goda  (Ávila);Wenea;1;CCS Combo (DC),CHAdeMO (DC),Mennekes (Type 2);"41°07'57.1"" N 4°46'38.9"" W";41.13253,-4.777463
Repsol, Avda. Asturias;Av. de Asturias, 38 - Palencia (PALENCIA);Repsol Comercial de Productos Petrolíferos;1;Mennekes (Type 2),CHAdeMO (DC),CCS Combo (DC),CHAdeMO (DC),CCS Combo (DC);"42°01'32.7"" N 4°32'55.8"" W";42.025748,-4.548834
E.S. AVIA CASTILLO BENAVENTE;Av. de las Américas, 7 49600 - Benavente (ZAMORA);IBERDROLA CLIENTES, SAU;2;CCS Combo (DC),CHAdeMO (DC),Mennekes (Type 2);"42º00'12.0"" N 5º39'37.1"" W";42.003332,-5.660291
Parkia - Reyes de España;Av. de los Reyes de España - Salamanca (SALAMANCA);Endesa X Servicios S.L.;2;Mennekes (Type 2 sin cable);"40°57'26.8"" N 5°39'56.3"" W";40.957454515011,-5.66563073062242
Carbadis (E. Leclerc);Av. E. Leclerc, 1 - Carbajosa de la Sagrada (SALAMANCA);Endesa X Servicios S.L.;4;Mennekes (Type 2 sin cable);"40°56'48.9"" N 5°38'30.6"" W";40.9469202787263,-5.64182227295196
Independencia.;Av. Independencia, 5-7 - León (LEÓN);Senae Energy;2;Schuko,Mennekes (Type 2 sin cable);"42º35'49.81"" N 5º34'18.05"" W";42.597169,-5.571681
ORD0003;Av. Ordoño II, 39, 24001 León - León (León);EMPARK APARCAMIENTOS Y SERVICIOS S.A.;1;Mennekes (Type 2 sin cable);"42°35'47.6"" N 5°34'45.2"" W";42.5965572,-5.5792125
ORD0001;Av. Ordoño II, 39, 24001 León - León (León);EMPARK APARCAMIENTOS Y SERVICIOS S.A.;1;Mennekes (Type 2 sin cable);"42°35'47.6"" N 5°34'45.2"" W";42.5965573,-5.5792126
ORD0002;Av. Ordoño II, 39, 24001 León - León (León);EMPARK APARCAMIENTOS Y SERVICIOS S.A.;1;Mennekes (Type 2 sin cable);"42°35'47.6"" N 5°34'45.2"" W";42.5965571,-5.5792124
Peregrinos.;Av. Peregrinos, 1 - León. (LEÓN);Senae Energy;2;Schuko,Mennekes (Type 2 sin cable);"42º36'11,97"" N  5º34'47,98"" W";42.603325,-5.579994
Ayuntamiento de Santa María del Tiétar;AV. VALLE DEL TIÉTAR Nº  16 - Santa María del Tiétar (ÁVILA);Ayuntamiento de Santa María del Tiétar;2;Mennekes (Type 2);40º18'10'' N 4º33'11'' W;40.302778,-4.553056
Centro polivalente;Avbda. República Dominicana - Palencia (PALENCIA);Ayuntamiento de Palencia;1;Schuko;"42°01'40.1"" N 4°32'05.5"" W";42.027799,-4.534859
AYTO VILLARRAMIEL 1;Avda EL CORRO, 1 34350-VILLARRAMIEL - PALENCIA - VILLARRAMIEL (PALENCIA);IBERDROLA S.A.;1;Mennekes (Type 2);"42°02'37.0"" N 4°54'45.7"" W";42.043614,-4.912684
Centrolid;Avda EURO, S/N 2 , BAJO 47009-VALLADOLID - VALLADOLID - VALLADOLID (VALLADOLID);IBERDROLA S.A.;1;Mennekes (Type 2);"41°40'27.2"" N 4°43'15.3"" W";41.674223,-4.720923
Centrolid;Avda EURO, S/N 2 , BAJO 47009-VALLADOLID - VALLADOLID - VALLADOLID (VALLADOLID);IBERDROLA S.A.;1;CHAdeMO (DC);"41°40'27.2"" N 4°43'15.3"" W";41.674223,-4.720923
Centrolid;Avda EURO, S/N 2 , BAJO 47009-VALLADOLID - VALLADOLID - VALLADOLID (VALLADOLID);IBERDROLA S.A.;1;CCS Combo (DC);"41°40'27.2"" N 4°43'15.3"" W";41.674223,-4.720923
Feria Muestras;Avda RAMON PRADERA, PROX5 , BAJO , 1 47009-VALLADOLID - VALLADOLID - VALLADOLID (VALLADOLID);IBERDROLA S.A.;1;Schuko;"41°39'21.1"" N 4°44'16.0"" W";41.655851,-4.737783
Feria Muestras;Avda RAMON PRADERA, PROX5 , BAJO , 1 47009-VALLADOLID - VALLADOLID - VALLADOLID (VALLADOLID);IBERDROLA S.A.;1;Mennekes (Type 2 sin cable);"41°39'21.1"" N 4°44'16.0"" W";41.655851,-4.737783
Museo de la ciencia;Avda SALAMANCA, 59 , BAJO , 1 47014-VALLADOLID - VALLADOLID - VALLADOLID (VALLADOLID);IBERDROLA S.A.;1;Mennekes (Type 2 sin cable);"41°38'17.5"" N 4°44'45.6"" W";41.638195,-4.746001
Museo de la ciencia;Avda SALAMANCA, 59 , BAJO , 1 47014-VALLADOLID - VALLADOLID - VALLADOLID (VALLADOLID);IBERDROLA S.A.;1;Schuko;"41°38'17.5"" N 4°44'45.6"" W";41.638195,-4.746001
Polígono Industrial;Avda.  Comunidad Europea - Palencia (PALENCIA);EasyCharger;1;Mennekes (Type 2);"42°00'26.5"" N 4°30'37.7"" W";42.007363,-4.510479
Ayuntamiento de Candeleda;AVENIDA AVIACIÓN ESPAÑOLA12 - Candeleda (ÁVILA);Ayuntamiento de Candeleda;2;Mennekes (Type 2);"40º09'20.7"" N 5º14'31.8"" W";40.1557553794379,-5.24215208932049
Parque Comercial Arambol;Avenida Brasilia, 5 34004 - Palencia (PALENCIA);;1;Schuko;"42°00'45.6"" N 4°31'07.6"" W";42.012667,-4.518778
Avenida Comunidad Europea;Avenida Comunidad Europea - Palencia (PALENCIA);EasyCharger;1;Mennekes (Type 2);"42°00'26.3"" N 4°30'38.0"" W";42.00731,-4.510549
Ayuntamiento de El Tiemblo;Avenida de Madrid 1 - El Tiemblo (ÁVILA);Ayuntamiento de El Tiemblo;2;Mennekes (Type 2);"40º24 '37.3"" N 4º29'45.7"" W";40.41034631,-4.49602501
Centro Comercial Las Huertas;Avenida de Madrid 37 - Palencia (PALENCIA);;1;Schuko;"41º59'40.3"" N 4º30'57.5"" W";41.99453470917861,-4.51597396987059
Lienzo Norte;Avenida de Madrid, 102, 05001 - Ávila  (ÁVILA);Fenie Energía;2;Schuko,Mennekes (Type 2);"40°39'36.0"" N 4º42'20.0"" W";40.659985,-4.705561
0364 - Centro de exposiciones y congresos Lienzo Norte;Avenida de Madrid, 102, 05001 - Ávila (Ávila);FENÍE ENERGÍA, SA;2;Mennekes (Type 2 sin cable),Schuko;"40°39'35.7"" N 4°42'18.7"" W";40.659927,-4.705191
Parkia - Hospital Stma. Trinidad;Avenida de Villamayor, 1 - Salamanca (SALAMANCA);Endesa X Servicios S.L.;2;Mennekes (Type 2 sin cable);"40°58'02.9"" N 5°40'08.5"" W";40.967469,-5.669022
Parkia - Acueducto;Avenida del Acueducto, S/N, - Segovia (SEGOVIA);Endesa X Servicios S.L.;2;Mennekes (Type 2 sin cable);"40°56'43.8"" N 4°07'16.3"" W";40.9455103895275,-4.12119185767075
Herrera de Pisuerga;Avenida Eusebio Salvador, 59 (Plaza de Ganado) - Herrera de Pisuerga (PALENCIA);;2;Schuko,Mennekes (Type 2);"42º35'32.73"" N 4º19' 50.67"" W";42.592425,-4.330742
Segovia – Hotel Cándido;Avenida Gerardo Diego s/n,  40004 Segovia - Segovia (SEGOVIA);IBERDROLA CLIENTES, SAU;2;CCS Combo (DC),CHAdeMO (DC),Mennekes (Type 2);"40º56'06.1"" N 4º06'06.2"" W";40.935026,-4.101716
Ayuntamiento de Higuera de las Dueñas;Avenida Portugal 9 - Higuera de las Dueñas (ÁVILA);Ayuntamiento de Higuera de las Dueñas;2;Mennekes (Type 2);"40º14'28.1"" N 4º36 '07.7"" W";40.2411425844956,-4.60213008534066
0158 - Aguilar de Campoo;Barrio Jose Gómez Briz, S/N, 34800 - Aguilar de Campoo (Palencia);FENÍE ENERGÍA, SA;2;Schuko,Mennekes (Type 2 sin cable);"42°47'43.5"" N 4°15'56.1"" W";42.795425,-4.26558
E.S. El Pastor - AVIA;C/ ANDALUCIA, 180-BIS 34003-PALENCIA - PALENCIA - PALENCIA (PALENCIA);IBERDROLA S.A.;1;CHAdeMO (DC);"41°59'26.8"" N 4°30'40.0"" W";41.990766,-4.511121
E.S. El Pastor - AVIA;C/ ANDALUCIA, 180-BIS 34003-PALENCIA - PALENCIA - PALENCIA (PALENCIA);IBERDROLA S.A.;1;CCS Combo (DC);"41°59'26.8"" N 4°30'40.0"" W";41.990766,-4.511121
E.S. El Pastor - AVIA;C/ ANDALUCIA, 180-BIS 34003-PALENCIA - PALENCIA - PALENCIA (PALENCIA);IBERDROLA S.A.;1;Mennekes (Type 2);"41°59'26.8"" N 4°30'40.0"" W";41.990766,-4.511121
Santa Colomba de Somoza 1;C/ ANTONIO PÉREZ CRESPO, 67 24722-SANTA COLOMBA DE SOMOZA - LEON - SANTA COLOMBA DE SOMOZA (LEÓN);IBERDROLA S.A.;1;Mennekes (Type 2);"42°26'39.2"" N 6°14'31.9"" W";42.444233,-6.242184
BECERRO DE BENGOA;C/ Becerro de Bengoa - Palencia (PALENCIA);EasyCharger;1;Mennekes (Type 2);"42°00'32.4"" N 4°31'51.0"" W";42.009012,-4.530841
Repsol, Valladolid;C/ Camino Viejo de Simancas, 46 - Valladolid (VALLADOLID);Repsol Comercial de Productos Petrolíferos;1;Mennekes (Type 2),CHAdeMO (DC),CCS Combo (DC),CHAdeMO (DC),CCS Combo (DC);"41°37'17.4"" N 4°45'22.7"" W";41.621506,-4.756304
CASADO DEL ALISAL;C/ Casado del Alisal - Palencia (PALENCIA);FENIE ENERGIA;1;Schuko;"42°00'40.3"" N 4°31'47.1"" W";42.01119,-4.529755
Ayto. Burgohondo 01;C/ CASTILLA, PROX8 05113-BURGOHONDO - AVILA - BURGOHONDO (ÁVILA);IBERDROLA S.A.;1;Mennekes (Type 2);"40°24'57.6"" N 4°47'04.7"" W";40.415987,-4.78463
Vía P. C/ Compostilla, 12;C/ Compostilla, 12 - Ponferrada (LEÓN);Repsol Comercial de Productos Petrolíferos;3;Mennekes (Type 2 sin cable);"42°33'01.5"" N 6°35'52.4"" W";42.550413,-6.597891
Plaza del Milenio Exterior;C/ de Francesco Scrimieri, 3, 47014 - Valladolid (VALLADOLID);;1;Schuko,Mennekes (Type 2);"41°38'55.9"" N 4°44'09.8"" W";41.648873,-4.736067
CIBERBIBLIOTECA;C/ DE LA NAVA Nº 18 - La Adrada (ÁVILA);ELECTROMAPS;2;Mennekes (Type 2);"40°18'07.5"" N 4º38' 07.7"" W";40.3020941,-4.6354614
Doctrinos;C/ Doctrinos, 4 - Valladolid (VALLADOLID);;4;Schuko,Mennekes (Type 2);"41°38'57.6"" N 4°43'47.1"" W";41.649336,-4.72975
CDO Covaresa;C/ FELIPE SANCHEZ ROMAN, 850 , BAJO 47008-VALLADOLID - VALLADOLID - VALLADOLID (VALLADOLID);IBERDROLA S.A.;1;Schuko;"41°36'44.5"" N 4°44'56.4"" W";41.612368,-4.748989
CDO Covaresa;C/ FELIPE SANCHEZ ROMAN, 850 , BAJO 47008-VALLADOLID - VALLADOLID - VALLADOLID (VALLADOLID);IBERDROLA S.A.;1;Mennekes (Type 2 sin cable);"41°36'44.5"" N 4°44'56.4"" W";41.612368,-4.748989
Vía P. Valle de Mena;C/ Félix Rodríguez de la Fuente, 2L - Valle de Mena (BURGOS);Repsol Comercial de Productos Petrolíferos;1;Mennekes (Type 2 sin cable);"43°05'53.6"" N 3°17'00.2"" W";43.098232,-3.283376
Pl. Milenio exterior 2;C/ FRANCESCO SCRIMIERI, 3-1  , BAJO 47014-VALLADOLID - VALLADOLID - VALLADOLID (VALLADOLID);IBERDROLA S.A.;1;Mennekes (Type 2 sin cable);"41°38'55.6"" N 4°44'10.0"" W";41.648764,-4.736096
Pl. Milenio exterior 1;C/ FRANCESCO SCRIMIERI, 3-1  , BAJO 47014-VALLADOLID - VALLADOLID - VALLADOLID (VALLADOLID);IBERDROLA S.A.;1;Schuko;"41°38'55.4"" N 4°44'09.6"" W";41.648734,-4.736001
Pl. Milenio exterior 1;C/ FRANCESCO SCRIMIERI, 3-1  , BAJO 47014-VALLADOLID - VALLADOLID - VALLADOLID (VALLADOLID);IBERDROLA S.A.;1;Mennekes (Type 2 sin cable);"41°38'55.4"" N 4°44'09.6"" W";41.648734,-4.736001
Pl. Milenio exterior 2;C/ FRANCESCO SCRIMIERI, 3-1  , BAJO 47014-VALLADOLID - VALLADOLID - VALLADOLID (VALLADOLID);IBERDROLA S.A.;1;Schuko;"41°38'55.6"" N 4°44'10.0"" W";41.648764,-4.736096
Pl. Milenio parking int. 1;C/ FRANCESCO SCRIMIERI, 3-1  , SOTANO1 47014-VALLADOLID - VALLADOLID - VALLADOLID (VALLADOLID);IBERDROLA S.A.;1;Mennekes (Type 2 sin cable);"41°38'56.2"" N 4°44'08.3"" W";41.648947,-4.735636
Pl. Milenio parking int. 2;C/ FRANCESCO SCRIMIERI, 3-1  , SOTANO1 47014-VALLADOLID - VALLADOLID - VALLADOLID (VALLADOLID);IBERDROLA S.A.;1;Mennekes (Type 2 sin cable);"41°38'56.2"" N 4°44'08.3"" W";41.648903,-4.735524
Pl. Milenio parking int. 1;C/ FRANCESCO SCRIMIERI, 3-1  , SOTANO1 47014-VALLADOLID - VALLADOLID - VALLADOLID (VALLADOLID);IBERDROLA S.A.;1;Schuko;"41°38'56.2"" N 4°44'08.3"" W";41.648947,-4.735636
Pl. Milenio parking int. 2;C/ FRANCESCO SCRIMIERI, 3-1  , SOTANO1 47014-VALLADOLID - VALLADOLID - VALLADOLID (VALLADOLID);IBERDROLA S.A.;1;Schuko;"41°38'56.2"" N 4°44'08.3"" W";41.648903,-4.735524
CEREADUEY Calle Francia 33 01;C/ FRANCIA, 35 2  , BAJO , SUPE 34004-PALENCIA - PALENCIA - PALENCIA (PALENCIA);IBERDROLA S.A.;1;Schuko;"42°00'16.3"" N 4°30'38.8"" W";42.004539,-4.510767
CEREADUEY Calle Francia 33 02;C/ FRANCIA, 35 2  , BAJO , SUPE 34004-PALENCIA - PALENCIA - PALENCIA (PALENCIA);IBERDROLA S.A.;1;Mennekes (Type 2 sin cable);"42°00'16.3"" N 4°30'38.8"" W";42.004559,-4.510767
CEREADUEY Calle Francia 33 02;C/ FRANCIA, 35 2  , BAJO , SUPE 34004-PALENCIA - PALENCIA - PALENCIA (PALENCIA);IBERDROLA S.A.;1;Schuko;"42°00'16.3"" N 4°30'38.8"" W";42.004559,-4.510767
CEREADUEY Calle Francia 33 01;C/ FRANCIA, 35 2  , BAJO , SUPE 34004-PALENCIA - PALENCIA - PALENCIA (PALENCIA);IBERDROLA S.A.;1;Mennekes (Type 2 sin cable);"42°00'16.3"" N 4°30'38.8"" W";42.004539,-4.510767
Fray Luis de León;C/ Fray Luis de León, 29 - León (LEÓN);Senae Energy;2;Schuko,Mennekes (Type 2 sin cable);"42º35'27.35"" N 5º34'07.44"" W";42.590931,-5.568733
Polígono San Cristóbal;C/ Galena 48 - Valladolid (VALLADOLID);;1;Schuko,Mennekes (Type 2);"41°36'59.7"" N 4°42'23.0"" W";41.616591,-4.706387
Hospital de Burgos 2;C/ ISLAS BALEARES, 3 09006-BURGOS - BURGOS - BURGOS (BURGOS);IBERDROLA S.A.;1;Mennekes (Type 2);"42°21'43.7"" N 3°41'13.3"" W";42.362147,-3.687015
Hospital de Burgos 1;C/ ISLAS BALEARES, 3 09006-BURGOS - BURGOS - BURGOS (BURGOS);IBERDROLA S.A.;1;Mennekes (Type 2 sin cable);"42°21'46.9"" N 3°41'06.4"" W";42.363036,-3.685098
Casa de Indias;C/ LA INDIA, PROX4 , BAJO 47007-VALLADOLID - VALLADOLID - VALLADOLID (VALLADOLID);IBERDROLA S.A.;1;Mennekes (Type 2 sin cable);"41°38'26.1"" N 4°43'59.7"" W";41.640577,-4.733236
Casa de Indias;C/ LA INDIA, PROX4 , BAJO 47007-VALLADOLID - VALLADOLID - VALLADOLID (VALLADOLID);IBERDROLA S.A.;1;Schuko;"41°38'26.1"" N 4°43'59.7"" W";41.640577,-4.733236
LOLA DE LA FUENTE;C/ Lola de la Fuente - Palencia (PALENCIA);Ayuntamiento de Palencia;1;Mennekes (Type 2);"42°00'46.6"" N 4°30'58.3"" W";42.01294,-4.516206
Ayuntamiento de Las Navas del Marqués;C/ Luna 38 - Las Navas del Marqués (ÁVILA);Ayuntamiento de Las Navas del Marqués;2;Mennekes (Type 2);"40º36'08.3"" N 4º20'02.0"" W";40.602306,-4.333889
MARÍA DE MOLINA 13-1;C/ MARIA DE MOLINA, 13-BIS 47001-VALLADOLID - VALLADOLID - VALLADOLID (VALLADOLID);IBERDROLA S.A.;1;Mennekes (Type 2);"41°38'53.6"" N 4°43'48.1"" W";41.64822,-4.730014
MARÍA DE MOLINA 13-2;C/ MARIA DE MOLINA, 13-BIS 47001-VALLADOLID - VALLADOLID - VALLADOLID (VALLADOLID);IBERDROLA S.A.;1;Mennekes (Type 2);"41°38'54.1"" N 4°43'48.2"" W";41.648367,-4.73006
Taxi - Monasterio Silos;C/ Mº DE STO. DOMINGO DE SILOS, 1-BIS , BAJO , 1 47015-VALLADOLID - VALLADOLID (VALLADOLID);IBERDROLA S.A.;1;Schuko;"41°38'42.2"" N 4°44'42.1"" W";41.645048,-4.745014
Taxi - Monasterio Silos;C/ Mº DE STO. DOMINGO DE SILOS, 1-BIS , BAJO , 1 47015-VALLADOLID - VALLADOLID (VALLADOLID);IBERDROLA S.A.;1;Mennekes (Type 2 sin cable);"41°38'42.2"" N 4°44'42.1"" W";41.645048,-4.745014
MUSEO DEL AGUA;C/ Museo del agua - Palencia (PALENCIA);EasyCharger;1;Mennekes (Type 2);"42°00'28.2"" N 4°32'26.4"" W";42.00782,-4.540679
AUTOINSA FORD Segovia;C/ NAVACERRADA, 7 40006-SEGOVIA - SEGOVIA - SEGOVIA (SEGOVIA);IBERDROLA S.A.;1;Mennekes (Type 2);"40°55'35.2"" N 4°06'46.3"" W";40.926448,-4.112856
PEDRAJAS DE SAN ESTEBAN;C/ Pinar nº 2 - Pedrajas de San Esteban (VALLADOLID);Iberdrola;2;Schuko,Mennekes (Type 2 sin cable);"41°20'15.3"" N 4°34'56.9"" W";41.337581,-4.582463
Taxi - Pio del Rio Hortega;C/ PIO DEL RIO HORTEGA, PROX2-PR 47014-VALLADOLID - VALLADOLID - VALLADOLID (VALLADOLID);IBERDROLA S.A.;1;Mennekes (Type 2 sin cable);"41°39'11.3"" N 4°44'24.1"" W";41.65314,-4.740017
Taxi - Pio del Rio Hortega;C/ PIO DEL RIO HORTEGA, PROX2-PR 47014-VALLADOLID - VALLADOLID - VALLADOLID (VALLADOLID);IBERDROLA S.A.;1;Schuko;"41°39'11.3"" N 4°44'24.1"" W";41.65314,-4.740017
San Cristóbal;C/ PLATA, 41-1  , BAJO , 99 47012-VALLADOLID - VALLADOLID - VALLADOLID (VALLADOLID);IBERDROLA S.A.;1;Mennekes (Type 2 sin cable);"41°36'58.8"" N 4°42'21.3"" W";41.616332,-4.705924
San Cristóbal;C/ PLATA, 41-1  , BAJO , 99 47012-VALLADOLID - VALLADOLID - VALLADOLID (VALLADOLID);IBERDROLA S.A.;1;Schuko;"41°36'58.8"" N 4°42'21.3"" W";41.616332,-4.705924
Taxi - Puente Colgante;C/ PUENTE COLGANTE, PROX55 47007-VALLADOLID - VALLADOLID - VALLADOLID (VALLADOLID);IBERDROLA S.A.;1;Schuko;"41°38'26.4"" N 4°44'20.3"" W";41.640663,-4.738982
Taxi - Puente Colgante;C/ PUENTE COLGANTE, PROX55 47007-VALLADOLID - VALLADOLID - VALLADOLID (VALLADOLID);IBERDROLA S.A.;1;Mennekes (Type 2 sin cable);"41°38'26.4"" N 4°44'20.3"" W";41.640663,-4.738982
Feria de Muestras;C/ Ramón Pradera - Valladolid (VALLADOLID);;1;Schuko,Mennekes (Type 2);"41°39'23.7"" N 4°44'16.4"" W";41.65656909287525,-4.737885825811453
San Agustín;C/ SAN AGUSTIN, 1-1  , BAJO 47003-VALLADOLID - VALLADOLID - VALLADOLID (VALLADOLID);IBERDROLA S.A.;1;Schuko;"41°39'20.8"" N 4°43'51.7"" W";41.655772,-4.731015
San Agustín;C/ SAN AGUSTIN, 1-1  , BAJO 47003-VALLADOLID - VALLADOLID - VALLADOLID (VALLADOLID);IBERDROLA S.A.;1;Mennekes (Type 2 sin cable);"41°39'20.8"" N 4°43'51.7"" W";41.655772,-4.731015
San Agustín.;C/ San Agustín, 2. - León. (LEÓN);Senae Energy;2;Schuko,Mennekes (Type 2 sin cable);"42º35'55.57"" N 5º34'27.25"" W";42.598769,-5.574236
Brazacorta 1;C/ SAN JUAN, 23 , BAJO 09490-BRAZACORTA - BURGOS - BRAZACORTA (BURGOS);IBERDROLA S.A.;1;Mennekes (Type 2);"41°43'02.7"" N 3°22'02.1"" W";41.717406,-3.367256
Taxi - Vega Sicilia;C/ VEGA SICILIA, 1 1  , BAJO 47008-VALLADOLID - VALLADOLID - VALLADOLID (VALLADOLID);IBERDROLA S.A.;1;Schuko;"41°37'08.6"" N 4°44'51.5"" W";41.619063,-4.747645
Taxi - Vega Sicilia;C/ VEGA SICILIA, 1 1  , BAJO 47008-VALLADOLID - VALLADOLID - VALLADOLID (VALLADOLID);IBERDROLA S.A.;1;Mennekes (Type 2 sin cable);"41°37'08.6"" N 4°44'51.5"" W";41.619063,-4.747645
E.S. VALCARCE;C/ Vendimia, 2 - Aranda De Duero (BURGOS);Endesa X Servicios S.L.;3;CHAdeMO (DC),COMBO - Cable,Mennekes (Type 2 sin cable);"41°39'14.7"" N 3°41'55.6"" W";41.65409,-3.698766
E.S. VALCARCE;C/ Vendimia, 3 - Aranda De Duero (BURGOS);Endesa X Servicios S.L.;3;CHAdeMO (DC),COMBO - Cable,Mennekes (Type 2 sin cable);"41°39'14.8"" N 3°41'55.7"" W";41.65412,-3.698796
LHL0001;Calle Altos de Nava, S/N, 24001 León - León (León);EMPARK APARCAMIENTOS Y SERVICIOS S.A.;1;Mennekes (Type 2 sin cable);"42°37'02.0"" N 5°34'22.7"" W";42.6172294,-5.5729652
LHL0003;Calle Altos de Nava, S/N, 24001 León - León (León);EMPARK APARCAMIENTOS Y SERVICIOS S.A.;1;Mennekes (Type 2 sin cable);"42°37'02.0"" N 5°34'22.7"" W";42.6172294,-5.5729652
LHL0002;Calle Altos de Nava, S/N, 24001 León - León (León);EMPARK APARCAMIENTOS Y SERVICIOS S.A.;1;Mennekes (Type 2 sin cable);"42°37'02.0"" N 5°34'22.7"" W";42.6172294,-5.5729652
0503 - Bañosera;Calle Barriadal, 13, 34829 - Brañosera (Palencia);FENÍE ENERGÍA, SA;2;Mennekes (Type 2 sin cable),Mennekes (Type 2 sin cable);"42°56'09.9"" N 4°18'25.5"" W";42.9360935097108,-4.30709562964831
E.S. AVIA Aranda de Duero;Calle Bemposta, 97 09400 - Aranda de Duero (BURGOS);IBERDROLA CLIENTES, SAU;2;CCS Combo (DC),CHAdeMO (DC),Mennekes (Type 2);"41º40'14.2"" N 3º42'26.4"" W";41.670602,-3.707329
Ayuntamiento de San Pedro del Arroyo;Calle Calzada, 6 - San Pedro del Arroyo (ÁVILA);Ayuntamiento de San Pedro del Arroyo;2;Mennekes (Type 2);"40º48'06.6"" N 4º52'12.1"" W";40.801833,-4.870028
0504 - Centro cívico Sotopalacios;Calle Carrebarriuso, 3, 09141 - Sotopalacios (Burgos);FENÍE ENERGÍA, SA;4;Mennekes (Type 2 sin cable),Schuko,Mennekes (Type 2 sin cable),Schuko;"42°26'06.4"" N 3°40'52.7"" W";42.4351139785909,-3.68129421735809
Calle de la República Dominicana;Calle de la República Dominicana, 14 - Palencia (PALENCIA);;1;Schuko;"42°01'41.5"" N 4°32'02.0"" W";42.028186,-4.533875
0154 - Apremie;Calle Industrias, 2A, 47016 - Arroyo de la Encomienda (Valladolid);FENÍE ENERGÍA, SA;2;Schuko,Mennekes (Type 2 sin cable);"41°37'32.2"" N 4°46'26.0"" W";41.625599,-4.773881
0167 - Asprinelpa;Calle Juan Ramón Jiménez, 34001 - Palencia (Palencia);FENÍE ENERGÍA, SA;2;Schuko,Mennekes (Type 2 sin cable);"42°00'40.1"" N 4°31'47.7"" W";42.01115,-4.52991
Ayuntamiento de Tiñosillos;Calle Laguna 8 - Tiñosillos (ÁVILA);Ayuntamiento de Tiñosillos;2;Mennekes (Type 2);"40°56'04.5"" N 4°43'46.6"" W";40.9345781613713,-4.72961590404359
0485 - Ayuntaiento de Tiñosillos;Calle Laguna, 8, 05165 - Tiñosillos (Ávila);FENÍE ENERGÍA, SA;2;Mennekes (Type 2 sin cable),Schuko;"40°56'02.5"" N 4°43'46.8"" W";40.9340202530848,-4.729673844294
IKEA Valladolid;Calle Me falta un Tornillo Nº 5, (Parking Subterráneo IKEA) - Arroyo de la Encomienda (VALLADOLID);;32;Schuko;"41º37'38.86"" N 4º47' 16.89"" W";41.62746180183172,-4.788025912130706
IKEA-RIO SHOPPING;Calle Me Falta un Tornillo, 3 - Arrollo de la Encomienda (VALLADOLID);EasyCharger;8;CCS Combo (DC),CHAdeMO (DC),Mennekes (Type 2);"41°37'47.5"" N 4°47'13.9"" W";41.629871,-4.787193
McDonalds – Calle Palillos;Calle Palillos, s/n,  47012 - Valladolid (VALLADOLID);IBERDROLA CLIENTES, SAU;2;CCS Combo (DC),CHAdeMO (DC),Mennekes (Type 2);"41º37'45.7"" N 4º42'36.5"" W";41.629352,-4.710149
Ayuntamiento de Martiherrero;Calle Real 2 (frente a carretera Ávila-Cañizar) - Martiherrero (ÁVILA);Ayuntamiento de Martiherrero;1;Mennekes (Type 2);"40º40'26.0"" N 4º46'42.9"" W";40.673889,-4.778583
0448 - Benavente (Barrio de las Eras);Calle Río Duero, 49600 - Benavente (Zamora);FENÍE ENERGÍA, SA;2;Schuko,Mennekes (Type 2 sin cable);"42°00'19.3"" N 5°40'49.0"" W";42.005346,-5.680263
Toral de los Vados – ES VALCARCE;Calle Río Selmo, parcela 58 Polígono Industrial 24560 - Toral de los Vados (LEÓN);IBERDROLA CLIENTES, SAU;2;CCS Combo (DC),CHAdeMO (DC),Mennekes (Type 2);"42º32'40.8"" N 6º46'57.3"" W";42.544666,-6.782585
Naturávila;Carretera Antigua de Cebreros 0 - Ávila (ÁVILA);Naturávila;2;Schuko,Mennekes (Type 2);"40°37'49.7"" N 4°38'49.0"" W";40.6304757019385,-4.64693157465802
Villamanín – Casa Ezequiel;Carretera Asturias, 7 24680 - Villamanín (LEÓN);IBERDROLA CLIENTES, SAU;2;CCS Combo (DC),CHAdeMO (DC),Mennekes (Type 2);"42º56'17.1"" N 5º39'35.7"" W";42.938077,-5.659927
Ayuntamiento de Navarrevisca;Carretera AV 913, 28 - Navarrevisca (ÁVILA);Ayuntamiento de Navarrevisca;2;Mennekes (Type 2);"40º21'48.78742"" N 4º53'28.12189"" W";40.363552,-4.891145
Ayuntamiento de Burgohondo;Carretera Ávila-Casavieja nº  31-B,  BAJO - Burgohondo (ÁVILA);;2;Mennekes (Type 2);"40º24'59.5"" N 4º47'04.2"" W";40.416528,-4.7845
0501 - Santibañez;Carretera La Magdalena, 2, 34879 - Santibáñez de la Peña (Palencia);FENÍE ENERGÍA, SA;2;Mennekes (Type 2 sin cable),Mennekes (Type 2 sin cable);"42°48'07.0"" N 4°44'25.0"" W";42.8019444,-4.74027777777778
ES La Portela - VALCARCE;Carretera N-VI, km 418. 24524 - La Portela de Valcarce (LEÓN);IBERDROLA CLIENTES, SAU;2;CCS Combo (DC),CHAdeMO (DC),Mennekes (Type 2);"42°39'33.1"" N 6º54'50.5"" W";42.659191,-6.914013
HOTEL TUDANCA-MIRANDA DE EBRO;Carretera Nacional I, km 318  - Miranda de Ebro (BURGOS);EasyCharger;1;CHAdeMO (DC),CCS Combo (DC),Mennekes (Type 2),Mennekes (Type 2);"42°41'18.9"" N 2°57'12.5"" W";42.688583,-2.953472
Cuellar - ES El Surtidor;Carretera Valladolid, km34 40200 - Cuéllar (SEGOVIA);IBERDROLA CLIENTES, SAU;2;CCS Combo (DC),CHAdeMO (DC),Mennekes (Type 2);"41º24'19.9"" N 4º19'36.4"" W";41.405524,-4.326788
E.S. AVIA VISTA ALEGRE;CC El Mirador – Carretera Santander, 2 09006 - Burgos (BURGOS);IBERDROLA CLIENTES, SAU;2;CCS Combo (DC),CHAdeMO (DC),Mennekes (Type 2);"42º21'30.8"" N 3º41'38.6"" W";42.358563,-3.694062
Miranda de Ebro - LECLERC;CC Las Californias - Ctra. Bilbao, s/n 09200 - Miranda de Ebro (BURGOS);IBERDROLA CLIENTES, SAU;2;CCS Combo (DC),CHAdeMO (DC),Mennekes (Type 2);"42º41'41.2"" N 2º57'13.4"" W";42.694788,-2.953716
CC Valderaduey Zamora;CC Valderaduey. Av. Cardenal Cisneros, s/n - Zamora (ZAMORA);Repsol Comercial de Productos Petrolíferos;2;Schuko,Mennekes (Type 2 sin cable);"41°30'55.6"" N 5°44'51.2"" W";41.515431,-5.747546
Golmayo - McDonalds;Centro Comercial Camaretas 42190 - Golmayo (SORIA);IBERDROLA CLIENTES, SAU;2;CCS Combo (DC),CHAdeMO (DC),Mennekes (Type 2);"41º46'23.2"" N 2º29'58.5"" W";41.773097,-2.499592
PRVE La Vasca;Crta. Burgos - Portugal, Km. 55,5, 34250 - Quintana del Puente  (Palencia);Wenea;1;CCS Combo (DC),CHAdeMO (DC),Mennekes (Type 2);"42°05'05.1"" N 4°12'34.2"" W";42.084742,-4.209492
PRVE Maragato;Crta. Madrid-Coruña , KM 326 N°386, 24700 - Astorga (León);Wenea;1;CCS Combo (DC),CHAdeMO (DC),Mennekes (Type 2);"42°27'54.0"" N 6°04'24.2"" W";42.464999,-6.073377
ES Alhandiga Gestión y Servicios S.L.;Ctra Madrid (N-501) Km 84 37181 - Calvarrasa de Abajo (SALAMANCA);IBERDROLA CLIENTES, SAU;2;CCS Combo (DC),CHAdeMO (DC),Mennekes (Type 2);"40º56'44.7"" N 5º33'16.4"" W";40.945756,-5.554553
POLIGONO INDUSTRIAL ORBIGO-02;Ctra N-120, KM 33,5 24286-HOSPITAL DE ORBIGO - LEON - HOSPITAL DE ORBIGO (LEÓN);IBERDROLA S.A.;1;Mennekes (Type 2);"42°27'43.0"" N 5°52'08.1"" W";42.461936,-5.86892
POLIGONO INDUSTRIAL ORBIGO-02;Ctra N-120, KM 33,5 24286-HOSPITAL DE ORBIGO - LEON - HOSPITAL DE ORBIGO (LEÓN);IBERDROLA S.A.;1;CCS Combo (DC);"42°27'43.0"" N 5°52'08.1"" W";42.461936,-5.86892
POLIGONO INDUSTRIAL ORBIGO-01;Ctra N-120, KM 33,5 24286-HOSPITAL DE ORBIGO - LEON - HOSPITAL DE ORBIGO (LEÓN);IBERDROLA S.A.;1;Mennekes (Type 2);"42°27'42.9"" N 5°52'07.9"" W";42.461902,-5.868871
POLIGONO INDUSTRIAL ORBIGO-01;Ctra N-120, KM 33,5 24286-HOSPITAL DE ORBIGO - LEON - HOSPITAL DE ORBIGO (LEÓN);IBERDROLA S.A.;1;CHAdeMO (DC);"42°27'42.9"" N 5°52'07.9"" W";42.461902,-5.868871
POLIGONO INDUSTRIAL ORBIGO-01;Ctra N-120, KM 33,5 24286-HOSPITAL DE ORBIGO - LEON - HOSPITAL DE ORBIGO (LEÓN);IBERDROLA S.A.;1;CCS Combo (DC);"42°27'42.9"" N 5°52'07.9"" W";42.461902,-5.868871
POLIGONO INDUSTRIAL ORBIGO-02;Ctra N-120, KM 33,5 24286-HOSPITAL DE ORBIGO - LEON - HOSPITAL DE ORBIGO (LEÓN);IBERDROLA S.A.;1;CHAdeMO (DC);"42°27'43.0"" N 5°52'08.1"" W";42.461936,-5.86892
BODEGA MATARROMERA 2;Ctra RENEDO - PESQUERA DE DUERO, KM 30,0 , BAJO 47359-VALBUENA DE DUERO - VALBUENA DE DUERO (VALLADOLID);IBERDROLA S.A.;1;Mennekes (Type 2 sin cable);"41°38'33.7"" N 4°19'05.9"" W";41.642696,-4.318316
BODEGA MATARROMERA 1;Ctra RENEDO - PESQUERA DE DUERO, KM 30,0 , BAJO 47359-VALBUENA DE DUERO - VALBUENA DE DUERO (VALLADOLID);IBERDROLA S.A.;1;Mennekes (Type 2 sin cable);"41°38'33.6"" N 4°19'06.0"" W";41.642668,-4.31832
SG-REST. EL RISCAL-01-1;Ctra SEGOVIA, 33 , BAR 40270-CARBONERO EL MAYOR - SEGOVIA - CARBONERO EL MAYOR (SEGOVIA);IBERDROLA S.A.;1;Mennekes (Type 2);"41°07'06.4"" N 4°15'46.1"" W";41.118435,-4.262797
SG-REST. EL RISCAL-01-2;Ctra SEGOVIA, 33 , BAR 40270-CARBONERO EL MAYOR - SEGOVIA - CARBONERO EL MAYOR (SEGOVIA);IBERDROLA S.A.;1;Mennekes (Type 2);"41°07'06.3"" N 4°15'46.0"" W";41.118419,-4.262786
"Casa del Parque de Sierra de Gredos ""Pinos Cimeros""";Ctra. de la Plataforma, km 0,2 - Hoyos del Espino (ÁVILA);Ayuntamiento de Hoyos del Espino;2;Mennekes (Type 2);"40º20'47.20"" N 5º10'31.30"" W";40.346444,-5.175361
PRVE Torremar;Ctra. Lodares, 42248 Lodares - Medinaceli (Soria);Wenea;1;CCS Combo (DC),CHAdeMO (DC),Mennekes (Type 2);"41°11'21.5"" N 2°24'04.7"" W";41.189312,-2.401307
Repsol, Cardeñajimeno;Ctra. N-120 (Logroño-Vigo), KM 106 - Cardeñajimeno (BURGOS);Repsol Comercial de Productos Petrolíferos;1;Mennekes (Type 2),CHAdeMO (DC),CCS Combo (DC);"42°20'28.7"" N 3°36'44.0"" W";42.341296,-3.612233
E.S. AVIA ADENOR ENCINAS DE ABAJO;Ctra. N501, Km 77,1 37893 - Encinas de Abajo (SALAMANCA);IBERDROLA CLIENTES, SAU;2;CCS Combo (DC),CHAdeMO (DC),Mennekes (Type 2);"40º55'55.2"" N 5º28'01.1"" W";40.932001,-5.466975
CENTRO DE SERVICIOS AL TRANSPORTE DE GUIJUELO;CTRA. NACIONAL 630A S/N - Guijuelo (SALAMANCA);GMS DE GUIJUELO SL;4;Schuko,Mennekes (Type 2 sin cable);"40º32'39"" N 5º40'30"" W";40.544167,-5.675
Puerta de la Montaña;EESS PUERTA DE LA MONTAÑA - A67 SALIDA 94 - Alar del Rey (PALENCIA);EasyCharger;6;CHAdeMO (DC),CCS Combo (DC),Mennekes (Type 2);"42°43'04.0"" N 4°17'30.4"" W";42.717789,-4.291774
PRVE José Carlos;N-630, 37773 - La Cabeza de Béjar (Salamanca);Wenea;1;CCS Combo (DC),CHAdeMO (DC),Mennekes (Type 2);"40°29'24.9"" N 5°40'37.1"" W";40.490242,-5.676969
Hotel Venta Juanilla;N-I, Km 99, 40590 Santo Tomé del Puerto - Santo Tomé del Puerto (SEGOVIA);Cargacoches;1;Mennekes (Type 2),CHAdeMO (DC),CCS Combo (DC);"41°11'37.6"" N 3°34'59.5"" W";41.193767,-3.583206
Hotel El Molino;N-I, km 306, 09280 Pancorbo - Pancorbo (BURGOS);Cargacoches;1;Mennekes (Type 2);"42°39'05.7"" N 3°05'06.1"" W";42.651585,-3.085018
Béjar - Obispo Zarranz y Pueyo, 60;Obispo Zarranz y Pueyo, 60. 37700 - Béjar (SALAMANCA);IBERDROLA CLIENTES, SAU;2;CCS Combo (DC),CHAdeMO (DC),Mennekes (Type 2);"40º23'17.4"" N 5º45'06.9"" W";40.388157,-5.751917
"Casa del Parque de Sierra de Gredos ""El Risquillo""";Paraje El Risquillo - Guisando (ÁVILA);Ayuntamiento de Guisando;2;Mennekes (Type 2);"40º13'14.30"" N 5º08'36.00"" W";40.220639,-5.143333
Repostar 7;Parcela 1-1 Polígono Industrial, Calle del Río Duero, 11 - Ávila (ÁVILA);Endesa X Servicios S.L.;3;CHAdeMO (DC),COMBO - Cable,Mennekes (Type 2 sin cable);"40°39'53.1"" N 4°40'46.1"" W";40.6647428720132,-4.67947295767075
Trabazos - Pabellón multiusos;Parking pabellón multiusos, 49516 - Trabazos (ZAMORA);IBERDROLA CLIENTES, SAU;2;CCS Combo (DC),CHAdeMO (DC),Mennekes (Type 2);"41º44'37.5"" N 6º29'47.5"" W";41.743751,-6.496523
Salamanca - Paseo de la Estación, 11;Paseo de la Estación, 11 37004 - Salamanca (SALAMANCA);IBERDROLA CLIENTES, SAU;2;CCS Combo (DC),CHAdeMO (DC),Mennekes (Type 2);"40º58'09.0"" N 5º39'24.8"" W";40.96916,-5.656893
Ayuntamiento de San Esteban del Valle;Paseo de San Esteban s/n - San Esteban del Valle (ÁVILA);Ayuntamiento de San Esteban del Valle;2;Mennekes (Type 2);"40º16'29.76013"" N 4º58'56.61098"" W";40.274933,-4.982392
Salamanca - Paseo del Rector Esperabé, 16-18;Paseo del Rector Esperabé, 16-18  37008 - Salamanca (SALAMANCA);IBERDROLA CLIENTES, SAU;2;CCS Combo (DC),CHAdeMO (DC),Mennekes (Type 2);"40º57'32.4"" N 5º39'55.0"" W";40.958989,-5.665279
0502 - Aguilar de Campoo;Paseo del Soto, 9, 34800 - Aguilar de Campoo (Palencia);FENÍE ENERGÍA, SA;2;Mennekes (Type 2 sin cable),Mennekes (Type 2 sin cable);"42°47'20.4"" N 4°15'28.9"" W";42.7889983282415,-4.25802792895751
CEEES - Geot Carburantes SLU;Paseo Ezequiel González, 25 - Segovia (SEGOVIA);Endesa X Servicios S.L.;3;CHAdeMO (DC),COMBO - Cable,Mennekes (Type 2 sin cable);"40°56'43.8"" N 4°07'18.7"" W";40.945511148585,-4.12186581528122
PRVE Terradillos;Paseo Pte., 37190 El Encinar - Terradillos (Salamanca);Wenea;1;Mennekes (Type sin cable);"40°52'48.9"" N 5°34'57.0"" W";40.880236,-5.582498
Agencia de Innovación;Paseo Zorrilla 191 - Valladolid (VALLADOLID);;1;Schuko,Mennekes (Type 2);"41°37'05.6"" N 4°44'52.5"" W";41.618211,-4.747904
VALLADOLID;Paseo Zorrilla S/N  - Valladolid (VALLADOLID);EasyCharger;2;Mennekes (Type 2);"41°37'24.4"" N 4°45'00.7"" W";41.623455,-4.750183
0080 - Ayuntamiento de Carrión de los Condes;Plaza Condes de Carrión, 34120 - Carrión de los Condes (Palencia);FENÍE ENERGÍA, SA;2;Schuko,Mennekes (Type 2 sin cable);"42°20'15.0"" N 4°36'15.4"" W";42.337507,-4.604279
0162 - Azea Zamora;Plaza de Cristo Rey, 5, 49019 - Zamora (Zamora);FENÍE ENERGÍA, SA;2;Schuko,Mennekes (Type 2 sin cable);"41°30'23.6"" N 5°44'10.5"" W";41.506565,-5.736246
0497 - El Barco de Ávila;Plaza de la Constitución, 10, 05600 - El Barco de Ávila (Ávila);FENÍE ENERGÍA, SA;2;Mennekes (Type 2 sin cable),Mennekes (Type 2 sin cable);"40°21'32.0"" N 5°31'24.5"" W";40.3588867631376,-5.52346962903326
Ayuntamiento de Barco de Ávila;Plaza de la Constitución, nº  10 - Barco de Ávila (ÁVILA);Ayuntamiento de Barco de Ávila;2;Mennekes (Type 2);"40º21'31.5"" N 5º31'24.8"" W";40.35875,-5.523556
Ayuntamiento de El Oso;PLAZA DE LA COSNTITUCION S/N - El Oso (ÁVILA);Ayuntamiento de El Oso;2;Mennekes (Type 2);"40°50'28.0"" N 4°46'12.5"" W";40.841097,-4.770127
Aparcamiento El Grande;Plaza de Santa Teresa, s/n - Ávila  (ÁVILA);TELPARK;3;Mennekes (Type 2 sin cable);"40°39'15.2"" N 4º41'48.5"" W";40.654211,-4.696795
Plaza de Zurradores;Plaza de Zurradores - Palencia (PALENCIA);EasyCharger;1;Mennekes (Type 2);"42°00'31.4"" N 4°32'00.2"" W";42.00873,-4.533387
Parkia - Campillo;Plaza del Campillo - Salamanca (SALAMANCA);Endesa X Servicios S.L.;2;Mennekes (Type 2 sin cable);"40°58'08.3"" N 5°39'41.3"" W";40.968967,-5.661471
Ayuntamiento de Arévalo;Plaza del Real 12 bajo - Arévalo (ÁVILA);Ayuntamiento de Arévalo;1;Mennekes (Type 2);"41º03'53.6"" N 4º43'13.1"" W";41.0648968648117,-4.72031460307951
San Francisco.;Plaza Jardín de San Francisco s/n. - León. (LEÓN);Senae Energy;2;Schuko,Mennekes (Type 2 sin cable);"42º35'39,70"" N 5º34'14,99"" W";42.594361,-5.570831
PLAZA MAYOR;Plaza Mayor - Palencia (PALENCIA);EasyCharger;1;Mennekes (Type 2);"42°00'38.6"" N 4°31'55.4"" W";42.010717,-4.532057
VILLADIEGO;PLAZA MAYOR 2 - Villadiego (BURGOS);FENIE ENERGIA;2;Schuko,Mennekes (Type 2);"42º31'1.3521"" N 4º 0' 30.97174"" W";42.517042,-4.008603
0147 - Villadiego;Plaza Mayor, 2, 09120 - Villadiego (Burgos);FENÍE ENERGÍA, SA;4;Schuko,Mennekes (Type 2 sin cable),Schuko,Mennekes (Type 2 sin cable);"42°30'57.6"" N 4°00'35.3"" W";42.516006,-4.00981
PARKING MUNICIPAL DE GUIJUELO;PLAZA MAYOR, 3  - Guijuelo (SALAMANCA);GMS DE GUIJUELO SL;2;Schuko,Mennekes (Type 2 sin cable);"40º33'2"" N 5º40'18"" W";40.550556,-5.671667
Hotel Restaurante Rya;Plaza San Antonio, 7 - Boceguillas (SEGOVIA);Endesa X Servicios S.L.;1;CHAdeMO (DC),COMBO - Cable,Mennekes (Type 2 sin cable);"41°19'56.7"" N 3°38'05.6"" W";41.332414,-3.634874
PLAZA ZURRADORES;Plaza Zurradores - Palencia (PALENCIA);EasyCharger;1;Mennekes (Type 2);"42°00'31.1"" N 4°32'00.1"" W";42.008625,-4.533353
Plazoleta de la Sal;Plazoleta de la Sal - Palencia (PALENCIA);EasyCharger;1;Mennekes (Type 2);"42°00'38.4"" N 4°31'56.5"" W";42.01066,-4.532353
Plaza Mayor 1;Plza MAYOR, 1 49840-VEZDEMARBAN - ZAMORA - VEZDEMARBAN (ZAMORA);IBERDROLA S.A.;1;Mennekes (Type 2 sin cable);"41°39'17.4"" N 5°21'57.1"" W";41.654822,-5.365855
Estación de autobuses Segovia;Plza. de la Estación de Autobuses - Segovia (SEGOVIA);Repsol Comercial de Productos Petrolíferos;2;Mennekes (Type 2 sin cable);"40°56'41.0"" N 4°07'18.4"" W";40.944714,-4.121772
Casa de la Reserva Natural del Valle de Iruelas;Poblado de las Cruceras s/n - El Barraco (ÁVILA);Ayuntamiento de El Barraco;1;Mennekes (Type 2);"40º25'12.72"" N 4º33'43.45"" W";40.4202,-4.562069
CC Luz de Castilla;Pol. Ind. El Cerro s/n - Segovia (SEGOVIA);INERGEV CITY/IBIL S.A.;2;Schuko,Mennekes (Type 2 sin cable);"40º55'16"" N 4º06' 43"" W";40.921111,-4.111944
Carrefour Segovia;Pol. Ind. El Cerro. Ctra. de Madrid, s/n - Segovia (SEGOVIA);Repsol Comercial de Productos Petrolíferos;2;Schuko,Mennekes (Type 2 sin cable);"40°55'16.1"" N 4°06'44.0"" W";40.921133,-4.11223
Vicauto SA;Polígono Industrial Señora de los Ángeles, C/ Extremadura, 13 - Palencia (PALENCIA);Endesa X Servicios S.L.;1;CHAdeMO (DC),COMBO - Cable,Mennekes (Type 2 sin cable);"42°00'17.5"" N 4°31'06.5"" W";42.004862,-4.518477
Arevalo – ES VALCARCE;Polígono Industrial Tierra de Arevalo, 05200 - Arévalo (ÁVILA);IBERDROLA CLIENTES, SAU;2;CCS Combo (DC),CHAdeMO (DC),Mennekes (Type 2);"41º04'40.8"" N 4º44'03.5"" W";41.077996,-4.734295
Agencia Innovación 1;Pseo ZORRILLA, 191-2  , BAJO 47007-VALLADOLID - VALLADOLID - VALLADOLID (VALLADOLID);IBERDROLA S.A.;1;Mennekes (Type 2 sin cable);"41°37'07.6"" N 4°44'52.7"" W";41.618776,-4.747981
Agencia Innovación 2;Pseo ZORRILLA, 191-2  , BAJO 47007-VALLADOLID - VALLADOLID - VALLADOLID (VALLADOLID);IBERDROLA S.A.;1;Mennekes (Type 2 sin cable);"41°37'07.6"" N 4°44'52.5"" W";41.618773,-4.74791
Agencia Innovación 1;Pseo ZORRILLA, 191-2  , BAJO 47007-VALLADOLID - VALLADOLID - VALLADOLID (VALLADOLID);IBERDROLA S.A.;1;Schuko;"41°37'07.6"" N 4°44'52.7"" W";41.618776,-4.747981
Agencia Innovación 2;Pseo ZORRILLA, 191-2  , BAJO 47007-VALLADOLID - VALLADOLID - VALLADOLID (VALLADOLID);IBERDROLA S.A.;1;Schuko;"41°37'07.6"" N 4°44'52.5"" W";41.618773,-4.74791
ALLende del río;Travesia de Viñalta 1 - Palencia (PALENCIA);EasyCharger;1;Mennekes (Type 2);"42°00'28.2"" N 4°32'26.4""W W";42.00783,-4.540665
